תאריך,מסכת,פרק,משנה,סימן,סעיף
01/11/2012,נזיר,ה-ו,ז-א,קמז,ד-ו
02/11/2012,נזיר,ו,ב-ג,קמז-ח,ז-א
03/11/2012,נזיר,ו,ד-ה,קמט-נ,א-ב
04/11/2012,נזיר,ו,ו-ז,קנ,ג-ה
05/11/2012,נזיר,ו,ח-ט,קנא,א-ג
06/11/2012,נזיר,ו,י-יא,קנא,ד-ו
07/11/2012,נזיר,ז,א-ב,קנא,ז-ט
08/11/2012,נזיר,ז,ג-ד,קנא,י-יב
09/11/2012,נזיר,ח,א-ב,קנב-ג,א-ב
10/11/2012,נזיר,ט,א-ב,קנג,ג-ה
11/11/2012,נזיר,ט,ג-ד,קנג,ו-ח
12/11/2012,נזיר-סוטה,ט-א,ה-א,קנג,ט-יא
13/11/2012,סוטה,א,ב-ג,קנג,יב-יד
14/11/2012,סוטה,א,ד-ה,קנג,טו-יז
15/11/2012,סוטה,א,ו-ז,קנג,יח-כ
16/11/2012,סוטה,א,ח-ט,קנג-ד,כא-א
17/11/2012,סוטה,ב,א-ב,קנד,ב-ד
18/11/2012,סוטה,ב,ג-ד,קנד,ה-ז
19/11/2012,סוטה,ב,ה-ו,קנד,ח-י
20/11/2012,סוטה,ג,א-ב,קנד,יא-יג
21/11/2012,סוטה,ג,ג-ד,קנד-ה,יד-א
22/11/2012,סוטה,ג,ה-ו,קנה-ו-ז,ב-א
23/11/2012,סוטה,ג,ז-ח,קנח,א-ג
24/11/2012,סוטה,ד,א-ב,קנח,ד-ו
25/11/2012,סוטה,ד,ג-ד,קנח,ז-ט
26/11/2012,סוטה,ד-ה,ה-א,קנח,י-יב
27/11/2012,סוטה,ה,ב-ג,קנח-ט,יג-ב
28/11/2012,סוטה,ה,ד-ה,קנט,ג-ה
29/11/2012,סוטה,ו,א-ב,קנט,ו-ח
30/11/2012,סוטה,ו,ג-ד,קנט,ט-יא
01/12/2012,סוטה,ז,א-ב,קנט,יב-יד
02/12/2012,סוטה,ז,ג-ד,קנט,טו-יז
03/12/2012,סוטה,ז,ה-ו,קנט,יח-כ
04/12/2012,סוטה,ז,ז-ח,קס,א-ג
05/12/2012,סוטה,ח,א-ב,קס,ד-ו
06/12/2012,סוטה,ח,ג-ד,קס,ז-ט
07/12/2012,סוטה,ח,ה-ו,קס,י-יב
08/12/2012,סוטה,ח-ט,ז-א,קס,יג-טו
09/12/2012,סוטה,ט,ב-ג,קסא,א-ג
10/12/2012,סוטה,ט,ד-ה,קסא-ב,ד-ב
11/12/2012,סוטה,ט,ו-ז,קסב,ג-ה
12/12/2012,סוטה,ט,ח-ט,קסב,ו-ח
13/12/2012,סוטה,ט,י-יא,קסב-ג,ט-א
14/12/2012,סוטה,ט,יב-יג,קסג-ד,ב-ב
15/12/2012,סוטה,ט,יד-טו,קסה-ו,א-א
16/12/2012,גיטין,א,א-ב,קסז,א-ג
17/12/2012,גיטין,א,ג-ד,קסז,ד-ו
18/12/2012,גיטין,א,ה-ו,קסז,ז-ט
19/12/2012,גיטין,ב,א-ב,קסז,י-יב
20/12/2012,גיטין,ב,ג-ד,קסז,יג-טו
21/12/2012,גיטין,ב,ה-ו,קסז,טז-יח
22/12/2012,גיטין,ב-ג,ז-א,קסז-ח,יט-א
23/12/2012,גיטין,ג,ב-ג,קסח,ב-ד
24/12/2012,גיטין,ג,ד-ה,קסח,ה-ז
25/12/2012,גיטין,ג,ו-ז,קסח,ח-י
26/12/2012,גיטין,ג-ד,ח-א,קסח,יא-יג
27/12/2012,גיטין,ד,ב-ג,קסח,יד-טז
28/12/2012,גיטין,ד,ד-ה,קסח-ט,יז-ב
29/12/2012,גיטין,ד,ו-ז,קסט-ע,ג-ב
30/12/2012,גיטין,ד,ח-ט,קע,ג-ה
31/12/2012,גיטין,ה,א-ב,קע,ו-ח
01/01/2013,גיטין,ה,ג-ד,קע,ט-יא
02/01/2013,גיטין,ה,ה-ו,קע,יב-יד
03/01/2013,גיטין,ה,ז-ח,קע,טו-יז
04/01/2013,גיטין,ה-ו,ט-א,קע,יח-כ
05/01/2013,גיטין,ו,ב-ג,קע-א,כא-א
06/01/2013,גיטין,ו,ד-ה,קעא,ב-ד
07/01/2013,גיטין,ו,ו-ז,קעא-ב,ה-ב
08/01/2013,גיטין,ז,א-ב,קעג,א-ג
09/01/2013,גיטין,ז,ג-ד,קעד,א-ג
10/01/2013,גיטין,ז,ה-ו,קעד,ד-ו
11/01/2013,גיטין,ז,ז-ח,קעד-ה,ז-א
12/01/2013,גיטין,ז-ח,ט-א,קעה,ב-ד
13/01/2013,גיטין,ח,ב-ג,קעה-ו,ה-א
14/01/2013,גיטין,ח,ד-ה,קעז,א-ג
15/01/2013,גיטין,ח,ו-ז,קעז-ח,ד-א
16/01/2013,גיטין,ח,ח-ט,קעח,ב-ד
17/01/2013,גיטין,ח-ט,י-א,קעח,ה-ז
18/01/2013,גיטין,ט,ב-ג,קעט,א-ג
19/01/2013,גיטין,ט,ד-ה,קעט,ד-ו
20/01/2013,גיטין,ט,ו-ז,קפ,א-ג
21/01/2013,גיטין,ט,ח-ט,קפ-א,ד-א
22/01/2013,גיטין-קידושין,ט-א,י-א,קפא,ב-ד
23/01/2013,קידושין,א,ב-ג,קפא,ה-ז
24/01/2013,קידושין,א,ד-ה,קפא,ח-י
25/01/2013,קידושין,א,ו-ז,קפב,א-ג
26/01/2013,קידושין,א,ח-ט,קפב,ד-ו
27/01/2013,קידושין,א-ב,י-א,קפב-ג,ז-ב
28/01/2013,קידושין,ב,ב-ג,קפג,ג-ה
29/01/2013,קידושין,ב,ד-ה,קפג,ו-ח
30/01/2013,קידושין,ב,ו-ז,קפג,ט-יא
31/01/2013,קידושין,ב,ח-ט,קפג-ד,יב-ב
01/02/2013,קידושין,ב-ג,י-א,קפד,ג-ה
02/02/2013,קידושין,ג,ב-ג,קפד-ה,ו-ב
03/02/2013,קידושין,ג,ד-ה,קפה,ג-ה
04/02/2013,קידושין,ג,ו-ז,קפו-ז,א-א
05/02/2013,קידושין,ג,ח-ט,קפז,ב-ד
06/02/2013,קידושין,ג,י-יא,קפח,א-ג
07/02/2013,קידושין,ג,יב-יג,קפח,ד-ו
08/02/2013,קידושין,ד,א-ב,קפח,ז-ט
09/02/2013,קידושין,ד,ג-ד,קפח-ט,י-ב
10/02/2013,קידושין,ד,ה-ו,קצ,א-ג
11/02/2013,קידושין,ד,ז-ח,קצ-א,ד-א
12/02/2013,קידושין,ד,ט-י,קצא-ב,ב-א
13/02/2013,קידושין,ד,יא-יב,קצב-ג,ב-ב
14/02/2013,קידושין,ד*),יג-יד,קצג,ג-ה
15/02/2013,בבא קמא,א,א-ב,קצג-ד,ו-ב
16/02/2013,בבא קמא,א,ג-ד,קצד-ה,ג-ב
17/02/2013,בבא קמא,ב,א-ב,קצה-ו,ג-ב
18/02/2013,בבא קמא,ב,ג-ד,קצו-ז,ג-א
19/02/2013,בבא קמא,ב,ה-ו,קצז,ב-ד
20/02/2013,בבא קמא,ג,א-ב,קצח-ט,א-ב
21/02/2013,בבא קמא,ג,ג-ד,קצט,ג-ה
22/02/2013,בבא קמא,ג,ה-ו,קצט,ו-ח
23/02/2013,בבא קמא,ג,ז-ח,קצט,ט-יא
24/02/2013,בבא קמא,ג,ט-י,ר-רא,א-א
25/02/2013,בבא קמא,ג-ד,יא-א,רא,ב-ד
26/02/2013,בבא קמא,ד,ב-ג,רב,א-ג
27/02/2013,בבא קמא,ד,ד-ה,רב,ד-ו
28/02/2013,בבא קמא,ד,ו-ז,רב,ז-ט
01/03/2013,בבא קמא,ד,ח-ט,רב,י-יב
02/03/2013,בבא קמא,ה,א-ב,רב,יג-טו
03/03/2013,בבא קמא,ה,ג-ד,רב,טז-יח
04/03/2013,בבא קמא,ה,ה-ו,רג,א-ג
05/03/2013,בבא קמא,ה-ו,ז-א,רג,ד-ו
06/03/2013,בבא קמא,ו,ב-ג,רג-ד,ז-א
07/03/2013,בבא קמא,ו,ד-ה,רד,ב-ד
08/03/2013,בבא קמא,ו-ז,ו-א,רד,ה-ז
09/03/2013,בבא קמא,ז,ב-ג,רד,ח-י
10/03/2013,בבא קמא,ז,ד-ה,רד,יא-יג
11/03/2013,בבא קמא,ז,ו-ז,רה,א-ג
12/03/2013,בבא קמא,ח,א-ב,רה-ו,ד-א
13/03/2013,בבא קמא,ח,ג-ד,רו,ב-ד
14/03/2013,בבא קמא,ח,ה-ו,רו-ז,ה-א
15/03/2013,בבא קמא,ח-ט,ז-א,רח,א-ג
16/03/2013,בבא קמא,ט,ב-ג,רח,ד-ו
17/03/2013,בבא קמא,ט,ד-ה,רח,ז-ט
18/03/2013,בבא קמא,ט,ו-ז,רח,י-יב
19/03/2013,בבא קמא,ט,ח-ט,רח,יג-טו
20/03/2013,בבא קמא,ט,י-יא,רח,טז-יח
21/03/2013,בבא קמא,ט-י,יב-א,רט,א-ג
22/03/2013,בבא קמא,י,ב-ג,רי-א,א-א
23/03/2013,בבא קמא,י,ד-ה,ריא,ב-ד
24/03/2013,בבא קמא,י,ו-ז,ריא-ב,ה-א
25/03/2013,בבא קמא,י,ח-ט,ריב-ג,ב-ב
26/03/2013,בבא קמא-בבא מציעא,י-א,י-א,ריג-יד-טו,ג-א
27/03/2013,בבא מציעא,א,ב-ג,רטו,ב-ד
28/03/2013,בבא מציעא,א,ד-ה,רטז,א-ג
29/03/2013,בבא מציעא,א,ו-ז,רטז,ד-ו
30/03/2013,בבא מציעא,א-ב,ח-א,רטז,ז-ט
31/03/2013,בבא מציעא,ב,ב-ג,רטז,י-יב
01/04/2013,בבא מציעא,ב,ד-ה,רטז-יז,יג-א
02/04/2013,בבא מציעא,ב,ו-ז,ריז,ב-ד
03/04/2013,בבא מציעא,ב,ח-ט,ריז,ה-ז
04/04/2013,בבא מציעא,ב,י-יא,ריז-ח,ח-ב
05/04/2013,בבא מציעא,ג,א-ב,ריח,ג-ה
06/04/2013,בבא מציעא,ג,ג-ד,ריח,ו-ח
07/04/2013,בבא מציעא,ג,ה-ו,ריח-ט,ט-ב
08/04/2013,בבא מציעא,ג,ז-ח,ריט,ג-ה
09/04/2013,בבא מציעא,ג,ט-י,ריט,ו-ח
10/04/2013,בבא מציעא,ג,יא-יב,ריט-כ,ט-ב
11/04/2013,בבא מציעא,ד,א-ב,רכא-ב,א-א
12/04/2013,בבא מציעא,ד,ג-ד,רכב,ב-ד
13/04/2013,בבא מציעא,ד,ה-ו,רכג,א-ג
14/04/2013,בבא מציעא,ד,ז-ח,רכג,ד-ו
15/04/2013,בבא מציעא,ד,ט-י,רכד,א-ג
16/04/2013,בבא מציעא,ד,יא-יב,רכד,ד-ו
17/04/2013,בבא מציעא,ה,א-ב,רכד,ז-ט
18/04/2013,בבא מציעא,ה,ג-ד,רכד,י-יב
19/04/2013,בבא מציעא,ה,ה-ו,רכד-ה,יג-יב
20/04/2013,בבא מציעא,ה,ז-ח,רכה,ג-ה
21/04/2013,בבא מציעא,ה,ט-י,רכה,ו-ח
22/04/2013,בבא מציעא,ה-ו,יא-א,רכה-ו,ט-א
23/04/2013,בבא מציעא,ו,ב-ג,רכז,א-ג
24/04/2013,בבא מציעא,ו,ד-ה,רכח,א-ג
25/04/2013,בבא מציעא,ו,ו-ז,רכט-ל,א-א
26/04/2013,בבא מציעא,ו-ז,ח-א,רל,ב-ד
27/04/2013,בבא מציעא,ז,ב-ג,רל-א-ב,ה-א
28/04/2013,בבא מציעא,ז,ד-ה,רלב-ג,ב-א
29/04/2013,בבא מציעא,ז,ו-ז,רלג-ד,ב-ב
30/04/2013,בבא מציעא,ז,ח-ט,רלה,א-ג
01/05/2013,בבא מציעא,ז,י-יא,רלה-ו,ד-ב
02/05/2013,בבא מציעא,ח,א-ב,רלו-ז,ג-א
03/05/2013,בבא מציעא,ח,ג-ד,רלח-ט,א-א
04/05/2013,בבא מציעא,ח,ה-ו,רלט-מ,ב-ב
05/05/2013,בבא מציעא,ח,ז-ח,רמ,ג-ה
06/05/2013,בבא מציעא,ח-ט,ט-א,רמ,ו-ח
07/05/2013,בבא מציעא,ט,ב-ג,רמ,ט-יא
08/05/2013,בבא מציעא,ט,ד-ה,רמ,יב-יד
09/05/2013,בבא מציעא,ט,ו-ז,רמ,טו-יז
10/05/2013,בבא מציעא,ט,ח-ט,רמא-ב-ג,א-א
11/05/2013,בבא מציעא,ט,י-יא,רמג-ד,ב-ב
12/05/2013,בבא מציעא,ט,יב-יג,רמד,ג-ה
13/05/2013,בבא מציעא,י,א-ב,רמד-ה,ו-ב
14/05/2013,בבא מציעא,י,ג-ד,רמה,ג-ה
15/05/2013,בבא מציעא,י,ה-ו,רמה-ו,ו-ב
16/05/2013,בבא בתרא,א,א-ב,רמו,ג-ה
17/05/2013,בבא בתרא,א,ג-ד,רמז,א-ג
18/05/2013,בבא בתרא,א,ה-ו,רמז,ד-ו
19/05/2013,בבא בתרא,ב,א-ב,רמח,א-ג
20/05/2013,בבא בתרא,ב,ג-ד,רמח-ט,ד-ב
21/05/2013,בבא בתרא,ב,ה-ו,רמט-נ,ג-א
22/05/2013,בבא בתרא,ב,ז-ח,רנ-א,ב-ב
23/05/2013,בבא בתרא,ב,ט-י,רנב,א-ג
24/05/2013,בבא בתרא,ב,יא--יב,רנב,ד-ו
25/05/2013,בבא בתרא,ב,יג-יד,רנב-ג,ז-ב
26/05/2013,בבא בתרא,ג,א-ב,רנג,ג-ה
27/05/2013,בבא בתרא,ג,ג-ד,רנד,א-ג
28/05/2013,בבא בתרא,ג,ה-ו,רנד,ד-ו
29/05/2013,בבא בתרא,ג,ז-ח,רנד,ז-ט
30/05/2013,בבא בתרא,ד,א-ב,רנה,א-ג
31/05/2013,בבא בתרא,ד,ג-ד,רנו-ז,א-ב
01/06/2013,בבא בתרא,ד,ה-ו,רנז,ג-ה
02/06/2013,בבא בתרא,ד,ז-ח,רנז,ו-ח
03/06/2013,בבא בתרא,ד-ה,ט-א,רנח-ט,א-ב
04/06/2013,בבא בתרא,ה,ב-ג,רנט,ג-ה
05/06/2013,בבא בתרא,ה,ד-ה,רנט-ס,ו-א
06/06/2013,בבא בתרא,ה,ו-ז,רס-א,ב-ב
07/06/2013,בבא בתרא,ה,ח-ט,רסא-ב,ג-א
08/06/2013,בבא בתרא,ה,י-יא,רסב-ג,ב-א
09/06/2013,בבא בתרא,ו,א-ב,רסג,ב-ד
10/06/2013,בבא בתרא,ו,ג-ד,רסג,ה-ז
11/06/2013,בבא בתרא,ו,ה-ו,רסג,ח-י
12/06/2013,בבא בתרא,ו,ז-ח,רסג,יא-יג
13/06/2013,בבא בתרא,ז,א-ב,רסג,יד-טז
14/06/2013,בבא בתרא,ז,ג-ד,רסג-ד,יז-ב
15/06/2013,בבא בתרא,ח,א-ב,רסד,ג-ה
16/06/2013,בבא בתרא,ח,ג-ד,רסד,ו-ח
17/06/2013,בבא בתרא,ח,ה-ו,רסד-ה,ט-א
18/06/2013,בבא בתרא,ח,ז-ח,רסה,ב-ד
19/06/2013,בבא בתרא,ט,א-ב,רסו,א-ג
20/06/2013,בבא בתרא,ט,ג-ד,רסו,ד-ו
21/06/2013,בבא בתרא,ט,ה-ו,רסו,ז-ט
22/06/2013,בבא בתרא,ט,ז-ח,רסו,י-יב
23/06/2013,בבא בתרא,ט,ט-י,רסו-ז,יג-ב
24/06/2013,בבא בתרא,י,א-ב,רסז-ח,ג-ב
25/06/2013,בבא בתרא,י,ג-ד,רסח,ג-ה
26/06/2013,בבא בתרא,י,ה-ו,רסח,ו-ח
27/06/2013,בבא בתרא,י,ז-ח,רסח,ט-יא
28/06/2013,סנהדרין,א,א-ב,רסח-ט,יב-א
29/06/2013,סנהדרין,א,ג-ד,רע-א,א-א
30/06/2013,סנהדרין,א,ה-ו,רעא,ב-ד
01/07/2013,סנהדרין,ב,א-ב,רעא,ה-ז
02/07/2013,סנהדרין,ב,ג-ד,רעא,ח-י
03/07/2013,סנהדרין,ב-ג,ה-א,רעא,יא-יג
04/07/2013,סנהדרין,ג,ב-ג,רעא,יד-טז
05/07/2013,סנהדרין,ג,ד-ה,רעא-ב,יז-ב
06/07/2013,סנהדרין,ג,ו-ז,רעב,ג-ה
07/07/2013,סנהדרין,ג-ד,ח-א,רעב,ו-ח
08/07/2013,סנהדרין,ד,ב-ג,רעב-ג,ט-א
09/07/2013,סנהדרין,ד,ד-ה,רעג,ב-ד
10/07/2013,סנהדרין,ה,א-ב,רעג,ה-ז
11/07/2013,סנהדרין,ה,ג-ד ,רעד,א-ג
12/07/2013,סנהדרין,ה-ו,ה-א,רעד-ה,ד-ב
13/07/2013,סנהדרין,ו,ב-ג,רעה,ג-ה
14/07/2013,סנהדרין,ו,ד-ה,רעה,ו-ח
15/07/2013,סנהדרין,ו-ז,ו-א,רעה,ט-יא
16/07/2013,סנהדרין,ז,ב-ג,רעה-ו,יב-ב
17/07/2013,סנהדרין,ז,ד-ה,רעו,ג-ה
18/07/2013,סנהדרין,ז,ו-ז,רעז,א-ג
19/07/2013,סנהדרין,ז,ח-ט,רעז-ח,ד-א
20/07/2013,סנהדרין,ז,י-יא,רעט,א-ג
21/07/2013,סנהדרין,ח,א-ב,רעט,ד-ו
22/07/2013,סנהדרין,ח,ג-ד ,רעט-פ,ז-ב
23/07/2013,סנהדרין,ח,ה-ו,רפא-ב,א-ב
24/07/2013,סנהדרין,ח-ט,ז-א,רפב,ג-ה
25/07/2013,סנהדרין,ט,ב-ג,רפב-ג,ו-א
26/07/2013,סנהדרין,ט,ד-ה,רפד,א-ג
27/07/2013,סנהדרין,ט-י,ו-א,רפד,ד-ו
28/07/2013,סנהדרין,י,ב-ג,רפד-ה,ז-ב
29/07/2013,סנהדרין,י,ד-ה,רפה,ג-ה
30/07/2013,סנהדרין,י-יא,ו-א,רפה-ו,ו-א
31/07/2013,סנהדרין,יא,ב-ג,רפו,ב-ד
01/08/2013,סנהדרין,יא,ד-ה,רפו-ז-ח,ה-א
02/08/2013,סנהדרין-מכות,יא-א,ו-א,רפח,ב-ד
03/08/2013,מכות,א,ב-ג,רפח,ה-ז
04/08/2013,מכות,א,ד-ה,רפח,ח-י
05/08/2013,מכות,א,ו-ז,רפט-צ,א-א
06/08/2013,מכות,א,ח-ט,רצ-א,ב-ב
07/08/2013,מכות,א-ב,י-א,רצא,ג-ה
08/08/2013,מכות,ב,ב-ג,רצא-ב,ו-ב
09/08/2013,מכות,ב,ד-ה,רצג,א-ג
10/08/2013,מכות,ב,ו-ז,רצד,א-ג
11/08/2013,מכות,ב-ג,ח-א,רצד-ה,ד-א
12/08/2013,מכות,ג,ב-ג,רצו,א-ג
13/08/2013,מכות,ג,ד-ה,רצו,ד-ו
14/08/2013,מכות,ג,ו-ז,רצו-ז,ז-א
15/08/2013,מכות,ג,ח-ט,רצז,ב-ד
16/08/2013,מכות,ג,י-יא,רצז-ח,ה-ב
17/08/2013,מכות,ג,יב-יג,רצח,ג-ה
18/08/2013,מכות,ג,יד-טו,רצח,ו-ח
19/08/2013,מכות-שבועות,ג-א,טז-א,רצח,ט-יא
20/08/2013,שבועות,א,ב-ג,רצח,יב-יד
21/08/2013,שבועות,א,ד-ה,רצח-ט,טו-ב
22/08/2013,שבועות,א,ו-ז,רצט,ג-ה
23/08/2013,שבועות,ב,א-ב,רצט,ו-ח
24/08/2013,שבועות,ב,ג-ד,רצט-ש,ט-א
25/08/2013,שבועות,ב-ג,ה-א,שא,א-ג
26/08/2013,שבועות,ג,ב-ג,שא,ד-ו
27/08/2013,שבועות,ג,ד-ה,שא,ז-ט
28/08/2013,שבועות,ג,ו-ז,שא,י-יב
29/08/2013,שבועות,ג,ח-ט,שא,יג-טו
30/08/2013,שבועות,ג,י-יא,שא,טז-יח
31/08/2013,שבועות,ד,א-ב,שא,יט-כא
01/09/2013,שבועות,ד,ג-ד,שא,כב-כד
02/09/2013,שבועות,ד,ה-ו,שא,כה-כז
03/09/2013,שבועות,ד,ז-ח,שא,כח-ל
04/09/2013,שבועות,ד,ט-י,שא,לא-לג
05/09/2013,שבועות,ד,יא-יב,שא,לד-לו
06/09/2013,שבועות,ד-ה,יג-א,שא,לז-לט
07/09/2013,שבועות,ה,ב-ג,שא,מ-מב
08/09/2013,שבועות,ה,ד-ה,שא,מג-מה
09/09/2013,שבועות,ו,א-ב,שא,מו-מח
10/09/2013,שבועות,ו,ג-ד,שא,מט-נא
11/09/2013,שבועות,ו,ה-ו,שב,א-ג
12/09/2013,שבועות,ו-ז,ז-א ,שב,ד-ו
13/09/2013,שבועות,ז,ב-ג,שב,ז-ט
14/09/2013,שבועות,ז,ד-ה,שב,י-יב
15/09/2013,שבועות,ז,ו-ז,שב-ג,יג-ב
16/09/2013,שבועות,ז-ח,ח-א,שג,ג-ה
17/09/2013,שבועות,ח,ב-ג,שג,ו-ח
18/09/2013,שבועות,ח,ד-ה,שג,ט-יא
19/09/2013,שבועות-עדויות,ח-א,ו-א,שג,יב-יד
20/09/2013,עדויות,א,ב-ג,שג,טו-יז
21/09/2013,עדויות,א,ד-ה,שג,יח-כ
22/09/2013,עדויות,א,ו-ז,שג,כא-כג
23/09/2013,עדויות,א,ח-ט,שג,כד-כו
24/09/2013,עדויות,א,י-יא,שג-ד,כז-ב
25/09/2013,עדויות,א,יב-יג,שד-ה,ג-ב
26/09/2013,עדויות,א-ב,יד-א,שה,ג-ה
27/09/2013,עדויות,ב,ב-ג,שה,ו-ח
28/09/2013,עדויות,ב,ד-ה,שה,ט-יא
29/09/2013,עדויות,ב,ו-ז,שה,יב-יד
30/09/2013,עדויות,ב,ח-ט,שה,טו-יז
01/10/2013,עדויות,ב-ג,י-א,שה,יח-כ
02/10/2013,עדויות,ג,ב-ג,שה,כא-כג
03/10/2013,עדויות,ג,ד-ה,שו,א-ג
04/10/2013,עדויות,ג,ו-ז,שו,ד-ו
05/10/2013,עדויות,ג,ח-ט,שו,ז-ט
06/10/2013,עדויות,ג,י-יא,שו,י-יב
07/10/2013,עדויות,ג-ד,יב-א,שו-ז,יג-א
08/10/2013,עדויות,ד,ב-ג,שז,ב-ד
09/10/2013,עדויות,ד,ד-ה,שז,ה-ז
10/10/2013,עדויות,ד,ו-ז,שז,ח-י
11/10/2013,עדויות,ד,ח-ט,שז,יא-יג
12/10/2013,עדויות,ד,י-יא,שז,יד-טז
13/10/2013,עדויות,ד-ה,יב-א,שז,יז-יט
14/10/2013,עדויות,ה,ב-ג,שז,כ-כב
15/10/2013,עדויות,ה,ד-ה,שח,א-ג
16/10/2013,עדויות,ה,ו-ז,שח,ד-ו
17/10/2013,עדויות,ו,א-ב,שח,ז-ט
18/10/2013,עדויות,ו-ז,ג-א,שח,י-יב
19/10/2013,עדויות,ז,ב-ג,שח,יג-טו
20/10/2013,עדויות,ז,ד-ה,שח,טז-יח
21/10/2013,עדויות,ז,ו-ז,שח,יט-כא
22/10/2013,עדויות,ז,ח-ט,שח,כב-כד
23/10/2013,עדויות,ח,א-ב,שח,כה-כז
24/10/2013,עדויות,ח,ג-ד,שח,כח-ל
25/10/2013,עדויות,ח,ה-ו,שח,לא-לג
26/10/2013,עדויות-עבודה זרה,ח-א,ז-א,שח,לד-לו
27/10/2013,עבודה זרה,א,ב-ג,שח,לז-לט
28/10/2013,עבודה זרה,א,ד-ה,שח,מ-מב
29/10/2013,עבודה זרה,א,ו-ז,שח,מג-מה
30/10/2013,עבודה זרה,א,ח-ט,שח,מו-מח
31/10/2013,עבודה זרה,ב,א-ב,שח,מט-נא
01/11/2013,עבודה זרה,ב,ג-ד,שח-ט,נב-ב
02/11/2013,עבודה זרה,ב,ה-ו,שט,ג-ה
03/11/2013,עבודה זרה,ב-ג,ז-א,שי,א-ג
04/11/2013,עבודה זרה,ג,ב-ג,שי,ד-ו
05/11/2013,עבודה זרה,ג,ד-ה,שי,ז-ט
06/11/2013,עבודה זרה,ג,ו-ז,שיא,א-ג
07/11/2013,עבודה זרה,ג,ח-ט,שיא,ד-ו
08/11/2013,עבודה זרה,ג-ד,י-א,שיא,ז-ט
09/11/2013,עבודה זרה,ד,ב-ג,שיב,א-ג
10/11/2013,עבודה זרה,ד,ד-ה,שיב,ד-ו
11/11/2013,עבודה זרה,ד,ו-ז,שיב,ז-ט
12/11/2013,עבודה זרה,ד,ח-ט,שיב-ג,י-ב
13/11/2013,עבודה זרה,ד,י-יא,שיג,ג-ה
14/11/2013,עבודה זרה,ד-ה,יב-א,שיג,ו-ח
15/11/2013,עבודה זרה,ה,ב-ג,שיג-ד,ט-א
16/11/2013,עבודה זרה,ה,ד-ה,שיד,ב-ד
17/11/2013,עבודה זרה,ה,ו-ז,שיד,ה-ז
18/11/2013,עבודה זרה,ה,ח-ט,שיד,ח-י
19/11/2013,עבודה זרה,ה,י-יא,שיד-טו,יא-א
20/11/2013,עבודה זרה-אבות,ה-א,יב-א,שטו,ב-ד
21/11/2013,אבות,א,ב-ג,שטו,ה-ז
22/11/2013,אבות,א,ד-ה,שטו,ח-י
23/11/2013,אבות,א,ו-ז,שטו,יא-יג
24/11/2013,אבות,א,ח-ט,שטז,א-ג
25/11/2013,אבות,א,י-יא,שטז,ד-ו
26/11/2013,אבות,א,יב-יג,שטז,ז-ט
27/11/2013,אבות,א,יד-טו,שטז,י-יב
28/11/2013,אבות,א,טז-יז,שיז,א-ג
29/11/2013,אבות,א-ב,יח-א,שיז,ד-ו
30/11/2013,אבות,ב,ב-ג,שיז-ח,ז-ב
01/12/2013,אבות,ב,ד-ה,שיח,ג-ה
02/12/2013,אבות,ב,ו-ז,שיח,ו-ח
03/12/2013,אבות,ב,ח-ט,שיח,ט-יא
04/12/2013,אבות,ב,י-יא,שיח,יב-יד
05/12/2013,אבות,ב,יב-יג,שיח,טו-יז
06/12/2013,אבות,ב,יד-טו,שיח-ט,יח-א
07/12/2013,אבות,ב-ג,טז-א,שיט,ב-ד
08/12/2013,אבות,ג,ב-ג,שיט,ה-ז
09/12/2013,אבות,ג,ד-ה,שיט,ח-י
10/12/2013,אבות,ג,ו-ז,שיט,יא-יג
11/12/2013,אבות,ג,ח-ט,שיט,יד-טז
12/12/2013,אבות,ג,י-יא,שיט-כ,יז-ב
13/12/2013,אבות,ג,יב-יג,שכ,ג-ה
14/12/2013,אבות,ג,יד-טו,שכ,ו-ח
15/12/2013,אבות,ג,טז-יז,שכ,ט-יא
16/12/2013,אבות,ג-ד,יח-א,שכ,יב-יד
17/12/2013,אבות,ד,ב-ג,שכ,טו-יז
18/12/2013,אבות,ד,ד-ה,שכ,יח-כ
19/12/2013,אבות,ד,ו-ז,שכא,א-ג
20/12/2013,אבות,ד,ח-ט,שכא,ד-ו
21/12/2013,אבות,ד,י-יא,שכא,ז-ט
22/12/2013,אבות,ד,יב-יג,שכא,י-יב
23/12/2013,אבות,ד,יד-טו,שכא,יג-טו
24/12/2013,אבות,ד,טז-יז,שכא,טז-יח
25/12/2013,אבות,ד,יח-יט,שכא-ב,יט-ב
26/12/2013,אבות,ד,כ-כא,שכב,ג-ה
27/12/2013,אבות,ד-ה,כב-א,שכב-ג,ו-ב
28/12/2013,אבות,ה,ב-ג,שכג,ג-ה
29/12/2013,אבות,ה,ד-ה,שכג,ו-ח
30/12/2013,אבות,ה,ו-ז,שכג-ד,ט-א
31/12/2013,אבות,ה,ח-ט,שכד,ב-ד
01/01/2014,אבות,ה,י-יא,שכד,ה-ז
02/01/2014,אבות,ה,יב-יג,שכד,ח-י
03/01/2014,אבות,ה,יד-טו,שכד,יא-יג
04/01/2014,אבות,ה,טז-יז,שכד-ה,יד-א
05/01/2014,אבות,ה,יח-יט,שכה,ב-ד
06/01/2014,אבות,ה,כ-כא,שכה,ה-ז
07/01/2014,אבות,ה,כב-כג,שכה,ח-י
08/01/2014,אבות,ו,א-ב,שכה,יא-יג
09/01/2014,אבות,ו,ג-ד,שכה,יד-טז
10/01/2014,אבות,ו,ה-ו,שכו,א-ג
11/01/2014,אבות,ו,ז-ח,שכו,ד-ו
12/01/2014,אבות,ו,ט-י,שכו,ז-ט
13/01/2014,אבות-הוריות,ו-א,יא-א,שכו,י-יב
14/01/2014,הוריות,א,ב-ג,שכו-ז,יג-ב
15/01/2014,הוריות,א,ד-ה,שכז-ח,ג-א
16/01/2014,הוריות,ב,א-ב,שכח,ב-ד
17/01/2014,הוריות,ב,ג-ד,שכח,ה-ז
18/01/2014,הוריות,ב,ה-ו,שכח,ח-י
19/01/2014,הוריות,ב-ג,ז-א,שכח,יא-יג
20/01/2014,הוריות,ג,ב-ג,שכח,יד-טז
21/01/2014,הוריות,ג,ד-ה,שכח,יז-יט
22/01/2014,הוריות,ג,ו-ז,שכח,כ-כב
23/01/2014,הוריות-זבחים,ג-א*),ח-א,שכח,כג-כה
24/01/2014,זבחים,א,ב-ג,שכח,כו-כח
25/01/2014,זבחים,א-ב,ד-א,שכח,כט-לא
26/01/2014,זבחים,ב,ב-ג,שכח,לב-לד
27/01/2014,זבחים,ב,ד-ה,שכח,לה-לז
28/01/2014,זבחים,ג,א-ב,שכח,לח-מ
29/01/2014,זבחים,ג,ג-ד,שכח,מא-מג
30/01/2014,זבחים,ג,ה-ו,שכח,מד-מו
31/01/2014,זבחים,ד,א-ב,שכח,מז-מט
01/02/2014,זבחים,ד,ג-ד,שכט,א-ג
02/02/2014,זבחים,ד,ה-ו,שכט,ד-ו
03/02/2014,זבחים,ה,א-ב,שכט,ז-ט
04/02/2014,זבחים,ה,ג-ד,של,א-ג
05/02/2014,זבחים,ה,ה-ו,של,ד-ו
06/02/2014,זבחים,ה,ז-ח,של,ז-ט
07/02/2014,זבחים,ו,א-ב,של-א,י-א
08/02/2014,זבחים,ו,ג-ד,שלא,ב-ד
09/02/2014,זבחים,ו,ה-ו,שלא,ה-ז
10/02/2014,זבחים,ו-ז,ז-א,שלא,ח-י
11/02/2014,זבחים,ז,ב-ג,שלב,א-ג
12/02/2014,זבחים,ז,ד-ה,שלב-ג,ד-ב
13/02/2014,זבחים,ז-ח,ו-א,שלג-ד,ג-ב
14/02/2014,זבחים,ח,ב-ג,שלד,ג-ה
15/02/2014,זבחים,ח,ד-ה,שלד,ו-ח
16/02/2014,זבחים,ח,ו-ז,שלד,ט-יא
17/02/2014,זבחים,ח,ח-ט,שלד,יב-יד
18/02/2014,זבחים,ח,י-יא,שלד,טו-יז
19/02/2014,זבחים,ח-ט,יב-א,שלד,יח-כ
20/02/2014,זבחים,ט,ב-ג,שלד,כא-כג
21/02/2014,זבחים,ט,ד-ה,שלד,כד-כו
22/02/2014,זבחים,ט,ו-ז,שלד-ה,כ-זב
23/02/2014,זבחים,י,א-ב,שלה,ג-ה
24/02/2014,זבחים,י,ג-ד,שלו,א-ג
25/02/2014,זבחים,י,ה-ו,שלו,ד-ו
26/02/2014,זבחים,י,ז-ח,שלו,ז-ט
27/02/2014,זבחים,יא,א-ב,שלו,י-יב
28/02/2014,זבחים,יא,ג-ד,שלו-ז,יג-ב
01/03/2014,זבחים,יא,ה-ו,שלז-ח,ג-א
02/03/2014,זבחים,יא,ז-ח,שלח,ב-ד
03/03/2014,זבחים,יב,א-ב,שלח,ה-ז
04/03/2014,זבחים,יב,ג-ד,שלח-ט,ח-ב
05/03/2014,זבחים,יב,ה-ו,שלט,ג-ה
06/03/2014,זבחים,יג,א-ב,שלט-מ,ו-א
07/03/2014,זבחים,יג,ג-ד,שמ,ב-ד
08/03/2014,זבחים,יג,ה-ו,שמ,ה-ז
09/03/2014,זבחים,יג,ז-ח,שמ,ח-י
10/03/2014,זבחים,יד,א-ב,שמ,יא-יב
11/03/2014,זבחים,יד,ג-ד,שמ-א,יד-ב
12/03/2014,זבחים,יד,ה-ו,שמא-ב-ג,ג-א
13/03/2014,זבחים,יד,ז-ח,שמד-ה,א-א
14/03/2014,זבחים,יד,ט-י,שמה,ב-ד
15/03/2014,מנחות,א,א-ב,שמה,ה-ז
16/03/2014,מנחות,א,ג-ד,שמה,ח-י
17/03/2014,מנחות,ב,א-ב,שמה,יא-יג
18/03/2014,מנחות,ב,ג-ד,שמה,יד-טז
19/03/2014,מנחות,ב-ג,ה-א,שמה,יז-יט
20/03/2014,מנחות,ג,ב-ג,שמו,א-ג
21/03/2014,מנחות,ג,ד-ה,שמז-ח-ט,א-א
22/03/2014,מנחות,ג,ו-ז,שמט,ב-ד
23/03/2014,מנחות,ד,א-ב,שמט-נ,ה-ב
24/03/2014,מנחות,ד,ג-ד,שנ-א-ב,ג-א
25/03/2014,מנחות,ד-ה,ה-א,שנב-ג,ב-ב
26/03/2014,מנחות,ה,ב-ג,שנג-ד,ג-ב
27/03/2014,מנחות,ה,ד-ה,שנה,א-ג
28/03/2014,מנחות,ה,ו-ז,שנה-ו,ד-א
29/03/2014,מנחות,ה,ח-ט,שנו-ז,ב-ב
30/03/2014,מנחות,ו,א-ב,שנז-ח,ג-ב
31/03/2014,מנחות,ו,ג-ד,שנח,ג-ה
01/04/2014,מנחות,ו,ה-ו,שנח,ו-ח
02/04/2014,מנחות,ו-ז,ז-א,שנח,ט-יא
03/04/2014,מנחות,ז,ב-ג,שנח,יב-יד
04/04/2014,מנחות,ז,ד-ה,שנט-ס,א-ב
05/04/2014,מנחות,ז-ח,ו-א,שס-א,ג-ב
06/04/2014,מנחות,ח,ב-ג,שסב,א-ג
07/04/2014,מנחות,ח,ד-ה,שסב,ד-ו
08/04/2014,מנחות,ח,ו-ז,שסב,ז-ט
09/04/2014,מנחות,ט,א-ב,שסב,י-יב
10/04/2014,מנחות,ט,ג-ד,שסג,א-ג
11/04/2014,מנחות,ט,ה-ו,שסג,ד-ו
12/04/2014,מנחות,ט,ז-ח,שסג,ז-ט
13/04/2014,מנחות,ט-י,ט-א,שסג,י-יב
14/04/2014,מנחות,י,ב-ג,שסג,יג-טו
15/04/2014,מנחות,י,ד-ה,שסג,טז-יח
16/04/2014,מנחות,י,ו-ז,שסג,יט-כא
17/04/2014,מנחות,י,ח-ט,שסג,כב-כד
18/04/2014,מנחות,יא,אב,שסג,כה-כז
19/04/2014,מנחות,יא,ג-ד,שסג,כח-ל
20/04/2014,מנחות,יא,ה-ו,שסג,לא-לג
21/04/2014,מנחות,יא,ז-ח,שסג,לד-לו
22/04/2014,מנחות,יא-יב,ט-א,שסד,א-ג
23/04/2014,מנחות,יב,ב-ג,שסד-ה,ד-א
24/04/2014,מנחות,יב,ד-ה,שסה,ב-ד
25/04/2014,מנחות,יג,א-ב,שסה,ה-ז
26/04/2014,מנחות,יג,ג-ד,שסה-ו,ח-ב
27/04/2014,מנחות,יג,ה-ו,שסו,ג-ה
28/04/2014,מנחות,יג,ז-ח,שסו,ו-ח
29/04/2014,מנחות,יג,ט-י,שסו,ט-יא
30/04/2014,מנחות-חולין,יג-א,יא-א,שסו,יב-יד
01/05/2014,חולין,א,ב-ג,שסו-ז-ח,טו-א
02/05/2014,חולין,א,ד-ה,שסח,ב-ד
03/05/2014,חולין,א,ו-ז,שסח-ט-ע,ה-א
04/05/2014,חולין,ב,א-ב,שע,ב-ד
05/05/2014,חולין,ב,ג-ד,שע,ה-ז
06/05/2014,חולין,ב,ה-ו,שע-א,ח-ב
07/05/2014,חולין,ב,ז-ח,שעא,ג-ה
08/05/2014,חולין,ב,ט-י,שעא-ב,ו-ב
09/05/2014,חולין,ג,א-ב,שעב,ג-ה
10/05/2014,חולין,ג,ג-ד,שעב,ו-ח
11/05/2014,חולין,ג,ה-ו,שעב,ט-יא
12/05/2014,חולין,ג-ד,ז-א,שעב,יב-יד
13/05/2014,חולין,ד,ב-ג,שעב,טו-יז
14/05/2014,חולין,ד,ד-ה,שעב-ג,יח-א
15/05/2014,חולין,ד,ו-ז,שעד,א-ג
16/05/2014,חולין,ה,א-ב,שעד-ה,ד-ב
17/05/2014,חולין,ה,ג-ד,שעה-ו,ג-א
18/05/2014,חולין,ה-ו,ה-א,שעו,ב-ד
19/05/2014,חולין,ו,ב-ג,שעז-ח,א-ב
20/05/2014,חולין,ו,ד-ה,שעח,ג-ה
21/05/2014,חולין,ו,ו-ז,שעט-פ,א-א
22/05/2014,חולין,ז,א-ב,שפ,ב-ד
23/05/2014,חולין,ז,ג-ד,שפא,א-ג
24/05/2014,חולין,ז,ה-ו,שפא,ד-ו
25/05/2014,חולין,ח,א-ב,שפא-ב,ז-ב
26/05/2014,חולין,ח,ג-ד,שפב,ג-ה
27/05/2014,חולין,ח,ה,שפב,ו-ח
28/05/2014,חולין,ט,א-ב,שפב,ט-יא
29/05/2014,חולין,ט,ג-ד,שפב,יב-יד
30/05/2014,חולין,ט,ה-ו,שפב,טו-יז
31/05/2014,חולין,ט,ז-ח,שפב,יח-כ
01/06/2014,חולין,י,א-ב,שפג-ד,א-ב
02/06/2014,חולין,י,ג-ד,שפה,א-ג
03/06/2014,חולין,יא,א-ב,שפה-ו,ד-ב
04/06/2014,חולין,יב,א-ב,שפו,ג-ה
05/06/2014,חולין,יב,ג-ד,שפו,ו-ח
06/06/2014,חולין-בכורות,יב-א,ה-א,שפו-ז-ח,ט-א
07/06/2014,בכורות,א,ב-ג,שפט-צ,א-ב
08/06/2014,בכורות,א,ד-ה,שצא-ב,א-א
09/06/2014,בכורות,א,ו-ז,שצב,ב-ד
10/06/2014,בכורות,ב,א-ב,שצב,ה-ז
11/06/2014,בכורות,ב,ג-ד,שצב-ג,ח-ב
12/06/2014,בכורות,ב,ה-ו,שצג-ד,ג-ב
13/06/2014,בכורות,ב,ז-ח,שצד-ה-ו,ג-א
14/06/2014,בכורות,ב-ג,ט-א,שצו-ז,ב-ב
15/06/2014,בכורות,ג,ב-ג,שצז,ג-ה
16/06/2014,בכורות,ג-ד,ד-א,שצז,ו-ח
17/06/2014,בכורות,ד,ב-ג,שצז,ט-יא
18/06/2014,בכורות,ד,ד-ה,שצז,יב-יד
19/06/2014,בכורות,ד,ו-ז,שצז,טו-יז
20/06/2014,בכורות,ד,ח-ט,שצז-ח,יח-ב
21/06/2014,בכורות,ד-ה,י-א,שצח,ג-ה
22/06/2014,בכורות,ה,ב-ג,שצח,ו-ח
23/06/2014,בכורות,ה,ד-ה,שצח,ט-יא
24/06/2014,בכורות,ה-ו,ו-א,שצט,א-ג
25/06/2014,בכורות,ו,ב-ג,שצט,ד-ו
26/06/2014,בכורות,ו,ד-ה,שצט,ז-ט
27/06/2014,בכורות,ו,ו-ז,שצט-ת,י-א
28/06/2014,בכורות,ו,ח-ט,תא-ב-ג,א-א
29/06/2014,בכורות,ו,י-יא,תד-ה,א-ב
30/06/2014,בכורות,ו-ז,יב-א,תה,ג-ה
01/07/2014,בכורות,ז,ב-ג,תה,ו-ח
02/07/2014,בכורות,ז,ד-ה,תה-ו-ז,ט-א
03/07/2014,בכורות,ז,ו-ז,תז-ח,ב-א
04/07/2014,בכורות,ח,א-ב,תח,ב-ד
05/07/2014,בכורות,ח,ג-ד,תט,א-ג
06/07/2014,בכורות,ח,ה-ו,תט,ד-ו
07/07/2014,בכורות,ח,ז-ח,תט,ז-ט
08/07/2014,בכורות,ח,ט-י,תט,י-יב
09/07/2014,בכורות,ט,א-ב,תט-י,יג-ב
10/07/2014,בכורות,ט,ג-ד,תי-א-ב,ג-א
11/07/2014,בכורות,ט,ה-ו,תיג-ד,א-ב
12/07/2014,בכורות,ט,ז-ח,תטו,א-ג
13/07/2014,ערכין,א,א-ב,תטו-ז,ד-ב
14/07/2014,ערכין,א,ג-ד,תטז,ג-ה
15/07/2014,ערכין,ב,א-ב,תיז-ח,א-ב
16/07/2014,ערכין,ב,ג-ד,תיח,ג-ה
17/07/2014,ערכין,ב,ה-ו,תיט-כ,א-ב
18/07/2014,ערכין,ג,א-ב,תכא-ב,א-ב
19/07/2014,ערכין,ג,ג-ד,תכב,ג-ה
20/07/2014,ערכין,ג-ד,ה-א,תכב-ג,ו-א
21/07/2014,ערכין,ד,ב-ג,תכג,ב-ד
22/07/2014,ערכין,ד-ה,ד-א,תכד-ה,א-ב
23/07/2014,ערכין,ה,ב-ג,תכה-ו,ג-ב
24/07/2014,ערכין,ה,ד-ה,תכו-ז,ג-א
25/07/2014,ערכין,ה-ו,ו-א,תכח,א-ג
26/07/2014,ערכין,ו,ב-ג,תכח,ד-ו
27/07/2014,ערכין,ו,ד-ה,תכח-ט,ז-א
28/07/2014,ערכין,ז,א-ב,תכט-ל-א,ב-א
29/07/2014,ערכין,ז,ג-ד,תלא-ב,ב-ב
30/07/2014,ערכין,ז-ח,ה-א,תלג,א-ג
31/07/2014,ערכין,ח,ב-ג,תלג,ד-ו
01/08/2014,ערכין,ח,ד-ה,תלג,ז-ט
02/08/2014,ערכין,ח,ו-ז,תלג-ד,י-א
03/08/2014,ערכין,ט,א-ב,תלד,ב-ד
04/08/2014,ערכין,ט,ג-ד,תלה-ו,א-ב
05/08/2014,ערכין,ט,ה-ו,תלו-ז,ג-ב
06/08/2014,ערכין,ט,ז-ח,תלז-ח,ג-א
07/08/2014,תמורה,א,א-ב,תלח-ט,ב-ב
08/08/2014,תמורה,א,ג-ד,תלט-מ,ג-א
09/08/2014,תמורה,א,ה-ו,תמ,ב-ד
10/08/2014,תמורה,ב,א-ב,תמא-ב,א-א
11/08/2014,תמורה,ב-ג,ג-א,תמב,ב-ד
12/08/2014,תמורה,ג,ב-ג,תמב,ה-ז
13/08/2014,תמורה,ג,ד-ה,תמב,ח-י
14/08/2014,תמורה,ד,א-ב,תמב-ג,יא-ב
15/08/2014,תמורה,ד,ג-ד,תמג-ד,ג-ב
16/08/2014,תמורה,ה,א-ב,תמד,ג-ה
17/08/2014,תמורה,ה,ג-ד,תמד,ו-ח
18/08/2014,תמורה,ה,ה-ו,תמה,א-ג
19/08/2014,תמורה,ו,א-ב,תמו,א-ג
20/08/2014,תמורה,ו,ג-ד,תמו-ז,ד-ב
21/08/2014,תמורה,ו-ז,ה-א,תמז,ג-ה
22/08/2014,תמורה,ז,ב-ג,תמז,ו-ח
23/08/2014,תמורה,ז,ד-ה,תמז,ט-יא
24/08/2014,תמורה-כריתות,ז-א,ו-א,תמז-ח,יב-ב
25/08/2014,כריתות,א,ב-ג,תמח,ג-ה
26/08/2014,כריתות,א,ד-ה,תמח-ט,ו-א
27/08/2014,כריתות,א,ו-ז,תנ,א-ג
28/08/2014,כריתות,ב,א-ב,תנ,ד-ו
29/08/2014,כריתות,ב,ג-ד,תנ-א,ז-ב
30/08/2014,כריתות,ב,ה-ו,תנא,ג-ה
31/08/2014,כריתות,ג,א-ב,תנא,ו-ח
01/09/2014,כריתות,ג,ג-ד,תנא,ט-יא
02/09/2014,כריתות,ג,ה-ו,תנא,יב-יד
03/09/2014,כריתות,ג,ז-ח,תנא,טו-יז
04/09/2014,כריתות,ג,ט-י,תנא,יח-כ
05/09/2014,כריתות,ד,א-ב,תנא,כא-כג
06/09/2014,כריתות,ד-ה,ג-א,תנא,כד-כו
07/09/2014,כריתות,ה,ב-ג,תנא-ב,כז-ב
08/09/2014,כריתות,ה,ד-ה,תנב,ג-ה
09/09/2014,כריתות,ה,ו-ז,תנב-ג,ו-א
10/09/2014,כריתות,ה-ו,ח-א,תנג,ב-ד
11/09/2014,כריתות,ו,ב-ג,תנג,ה-ז
12/09/2014,כריתות,ו,ד-ה,תנג-ד,ח-א
13/09/2014,כריתות,ו,ו-ז,תנד,ב-ד
14/09/2014,כריתות,ו,ח-ט,תנה,א-ג
15/09/2014,מעילה,א,א-ב,תנה,ד-ו
16/09/2014,מעילה,א,ג-ד,תנו,א-ג
17/09/2014,מעילה,ב,א-ב,תנז-ח,א-א
18/09/2014,מעילה,ב,ג-ד,תנט,א-ג
19/09/2014,מעילה,ב,ה-ו,תנט,ד-ו
20/09/2014,מעילה,ב,ז-ח,תס,א-ג
21/09/2014,מעילה,ב-ג,ט-א,תס,ד-ו
22/09/2014,מעילה,ג,ב-ג,תס-א,ז-ב
23/09/2014,מעילה,ג,ד-ה,תסא,ג-ה
24/09/2014,מעילה,ג,ו-ז,תסב,א-ג
25/09/2014,מעילה,ג-ד,ח-א,תסב,ד-ו
26/09/2014,מעילה,ד,ב-ג,תסב-ג,ז-ב
27/09/2014,מעילה,ד,ד-ה,תסג-ד-ה,ג-א
28/09/2014,מעילה,ד-ה,ו-א,תסה-ו,ב-א
29/09/2014,מעילה,ה,ב-ג,תסו,ב-ד
30/09/2014,מעילה,ה,ד-ה,תסו-ז,ה-א
01/10/2014,מעילה,ו,א-ב,תסז,ב-ד
02/10/2014,מעילה,ו,ג-ד,תסז,ה-ז
03/10/2014,מעילה,ו,ה-ו,תסז,ח-י
04/10/2014,תמיד,א,א-ב,תסז,יא-יג
05/10/2014,תמיד,א,ג-ד,תסז,יד-טז
06/10/2014,תמיד,ב,א-ב,תסח,א-ג
07/10/2014,תמיד,ב,ג-ד,תסח,ד-ו
08/10/2014,תמיד,ב-ג,ה-א,תסח,ז-ט
09/10/2014,תמיד,ג,ב-ג,תסח-ט-ע,י-א
10/10/2014,תמיד,ג,ד-ה,תע-א,ב-א
11/10/2014,תמיד,ג,ו-ז,תעא-ב,ב-א
12/10/2014,תמיד,ג,ח-ט,תעב,ב-ד
13/10/2014,תמיד,ד,א-ב,תעב,ה-ז
14/10/2014,תמיד,ד-ה,ג-א,תעב,ח-י
15/10/2014,תמיד,ה,ב-ג,תעב,יא-יג
16/10/2014,תמיד,ה,ד-ה,תעב,יד-טז
17/10/2014,תמיד,ה-ו,ו-א,תעג,א-ג
18/10/2014,תמיד,ו,ב-ג,תעג,ד-ו
19/10/2014,תמיד,ז,א-ב,תעג-ד-ה,ז-א
20/10/2014,תמיד,ז,ג-ד,תעה,ב-ד
21/10/2014,מידות,א,א-ב,תעה,ה-ז
22/10/2014,מידות,א,ג-ד,תעו-ז,א-א
23/10/2014,מידות,א,ה-ו,תעז-ח,ב-ב
24/10/2014,מידות,א,ז-ח,תעט-פ-א,א-א
25/10/2014,מידות,א-ב,ט-א,תפא-ב-ג,ב-א
26/10/2014,מידות,ב,ב-ג,תפד-ה-ו,א-א
27/10/2014,מידות,ב,ד-ה,תפז,א-ג
28/10/2014,מידות,ב-ג,ו-א,תפז-ח,ד-ב
29/10/2014,מידות,ג,ב-ג,תפח-ט,ג-ב
30/10/2014,מידות,ג,ד-ה,תפט,ג-ה
31/10/2014,מידות,ג,ו-ז,תפט,ו-ח
01/11/2014,מידות,ג-ד,ח-א,תפט-צ,ט-א
02/11/2014,מידות,ד,ב-ג,תצ,ב-ד
03/11/2014,מידות,ד,ד-ה,תצ,ה-ז
04/11/2014,מידות,ד,ו-ז,תצ-א,ח-א
05/11/2014,מידות,ה,א-ב,תצא-ב-ג,ב-א
06/11/2014,מידות,ה,ג-ד,תצג,ב-ד
07/11/2014,קנים,א,א-ב,תצד,א-ג
08/11/2014,קנים,א,ג-ד,תצה,א-ג
09/11/2014,קנים,ב,א-ב,תצה-ו,ד-ב
10/11/2014,קנים,ב,ג-ד,תצו-ז,ג-ב
11/11/2014,קנים,ב-ג,ה-א,תצז,ג-ה
12/11/2014,קנים,ג,ב-ג,תצז,ו-ח
13/11/2014,קנים,ג,ד-ה,תצז,ט-יא
14/11/2014,קנים-כלים,ג-א*),ו-א,תצז,יב-יד
15/11/2014,כלים,א,ב-ג,תצז,טו-יז
16/11/2014,כלים,א,ד-ה,תצח,א-ג
17/11/2014,כלים,א,ו-ז,תצח,ד-ו
18/11/2014,כלים,א,ח-ט,תצח,ז-ט
19/11/2014,כלים,ב,א-ב,תצח,י-יב
20/11/2014,כלים,ב,ג-ד,תצח,יג-טו
21/11/2014,כלים,ב,ה-ו,תצח,טז-יח
22/11/2014,כלים,ב,ז-ח,תצח-ט,יט-א
23/11/2014,כלים,ג,א-ב,תצט,ב-ד
24/11/2014,כלים,ג,ג-ד,תצט-ק,ה-ב
25/11/2014,כלים,ג,ה-ו,תק,ג-ה
26/11/2014,כלים,ג,ז-ח,תק-א,ו-ב
27/11/2014,כלים,ד,א-ב,תקא,ג-ה
28/11/2014,כלים,ד,ג-ד,תקא-ב,ו-א
29/11/2014,כלים,ה,א-ב,תקב,ב-ד
30/11/2014,כלים,ה,ג-ד,תקג-ד,א-א
01/12/2014,כלים,ה,ה-ו,תקד,ב-ד
02/12/2014,כלים,ה,ז-ח,תקה-ו,א-ב
03/12/2014,כלים,ה,ט-י,תקו,ג-ה
04/12/2014,כלים,ה-ו,יא-א,תקו,ו-ח
05/12/2014,כלים,ו,ב-ג,תקו-ז,ט-ב
06/12/2014,כלים,ו-ז,ד-א,תקז,ג-ה
07/12/2014,כלים,ז,ב-ג,תקז-ח,ו-א
08/12/2014,כלים,ז,ד-ה,תקח-ט,ב-ב
09/12/2014,כלים,ז-ח,ו-א,תקט,ג-ה
10/12/2014,כלים,ח,ב-ג,תקט-י,ו-א
11/12/2014,כלים,ח,ד-ה,תקי,ב-ד
12/12/2014,כלים,ח,ו-ז,תקי,ה-ז
13/12/2014,כלים,ח,ח-ט,תקי,ח-י
14/12/2014,כלים,ח,י-יא,תקי-א,יא-ב
15/12/2014,כלים,ט,א-ב,תקיא-ב,ג-א
16/12/2014,כלים,ט,ג-ד,תקיב-ג,ב-א
17/12/2014,כלים,ט,ה-ו,תקיג,ב-ד
18/12/2014,כלים,ט,ז-ח,תקיג,ה-ז
19/12/2014,כלים,י,א-ב,תקיג-ד,ח-ב
20/12/2014,כלים,י,ג-ד,תקיד,ג-ה
21/12/2014,כלים,י,ה-ו,תקיד,ו-ח
22/12/2014,כלים,י,ז-ח,תקיד,ט-יא
23/12/2014,כלים,יא,א-ב,תקטו,א-ג
24/12/2014,כלים,יא,ג-ד,תקטו,ד-ו
25/12/2014,כלים,יא,ה-ו,תקטו,ז-ט
26/12/2014,כלים,יא,ז-ח,תקטז,א-ג
27/12/2014,כלים,יא-יב,ט-א,תקיז,א-ג
28/12/2014,כלים,יב,ב-ג,תקיז-ח,ד-ב
29/12/2014,כלים,יב,ד-ה,תקיח,ג-ה
30/12/2014,כלים,יב,ו-ז,תקיח,ו-ח
31/12/2014,כלים,יב-יג,ח-א,תקיח-ט,ט-ב
